<?xml version="1.0" encoding="UTF-8"?>
<project-private xmlns="http://www.netbeans.org/ns/project-private/1">
    <editor-bookmarks xmlns="http://www.netbeans.org/ns/editor-bookmarks/2" lastBookmarkId="1">
        <file>
            <url>src/java/model/ProductDAO.java</url>
            <bookmark id="1">
                <name/>
                <line>622</line>
                <key/>
            </bookmark>
        </file>
    </editor-bookmarks>
    <open-files xmlns="http://www.netbeans.org/ns/projectui-open-files/2">
        <group>
            <file>file:/D:/2024SE/Github/online-bookshop/book-shop/web/assets/js02/cart.js</file>
            <file>file:/D:/2024SE/Github/online-bookshop/book-shop/src/java/controller/CartController.java</file>
            <file>file:/D:/2024SE/Github/online-bookshop/book-shop/src/java/controller/WalletController.java</file>
            <file>file:/D:/2024SE/Github/online-bookshop/book-shop/web/productsDisplay.jsp</file>
            <file>file:/D:/2024SE/Github/online-bookshop/book-shop/web/cart.jsp</file>
        </group>
    </open-files>
</project-private>
